<?xml version="1.0"?>
<doc>
    <assembly>
        <name>Commerce.Api</name>
    </assembly>
    <members>
        <member name="T:Commerce.Api.Controllers.CategoriesController">
            <summary>
            Handles operations related to categories including retrieving, creating,
            updating, patching, and deleting.
            </summary>
        </member>
        <member name="M:Commerce.Api.Controllers.CategoriesController.#ctor(MediatR.IMediator)">
            <summary>
            Handles operations related to categories including retrieving, creating,
            updating, patching, and deleting.
            </summary>
        </member>
        <member name="M:Commerce.Api.Controllers.CategoriesController.Get(Commerce.Application.Categories.Queries.CategoryGetQuery,System.Threading.CancellationToken)">
            <summary>
            Retrieves all categories with optional filtering and pagination.
            </summary>
            <param name="query">The category get query including filters.</param>
            <param name="cancellationToken">Token to cancel the operation.</param>
            <returns>List of categories or NoContent if empty.</returns>
        </member>
        <member name="M:Commerce.Api.Controllers.CategoriesController.GetById(System.Guid,System.Threading.CancellationToken)">
            <summary>
            Retrieves a specific category by ID.
            </summary>
            <param name="categoryId">The unique ID of the category.</param>
            <param name="cancellationToken">Token to cancel the operation.</param>
            <returns>The category data if found; otherwise NotFound.</returns>
        </member>
        <member name="M:Commerce.Api.Controllers.CategoriesController.Create(Commerce.Application.Categories.Commands.CategoryCreateCommand,System.Threading.CancellationToken)">
            <summary>
            Creates a new category.
            </summary>
            <param name="command">The creation command with necessary data.</param>
            <param name="cancellationToken">Token to cancel the operation.</param>
            <returns>The created category or BadRequest if failed.</returns>
        </member>
        <member name="M:Commerce.Api.Controllers.CategoriesController.Update(Commerce.Application.Categories.Commands.CategoryUpdateCommand,System.Threading.CancellationToken)">
            <summary>
            Updates an existing category.
            </summary>
            <param name="command">The update command with the modified category data.</param>
            <param name="cancellationToken">Token to cancel the operation.</param>
            <returns>The updated category.</returns>
        </member>
        <member name="M:Commerce.Api.Controllers.CategoriesController.Patch(Commerce.Application.Categories.Commands.CategoryPatchCommand,System.Threading.CancellationToken)">
            <summary>
            Applies partial updates to an existing category.
            </summary>
            <param name="command">The patch command with updated fields.</param>
            <param name="cancellationToken">Token to cancel the operation.</param>
            <returns>The patched category.</returns>
        </member>
        <member name="M:Commerce.Api.Controllers.CategoriesController.DeleteById(System.Guid,System.Threading.CancellationToken)">
            <summary>
            Deletes a category by its ID.
            </summary>
            <param name="categoryId">The ID of the category to delete.</param>
            <param name="cancellationToken">Token to cancel the operation.</param>
            <returns>200 OK if deleted; otherwise BadRequest.</returns>
        </member>
        <member name="M:Commerce.Api.Controllers.CountriesController.Get(Commerce.Application.Countries.Queries.CountryGetQuery,System.Threading.CancellationToken)">
            <summary>
            Retrieves all countries with optional filtering and pagination.
            </summary>
            <param name="query">Filtering and pagination parameters.</param>
            <param name="cancellationToken">Cancellation token.</param>
            <returns>A list of countries or 204 No Content.</returns>
        </member>
        <member name="M:Commerce.Api.Controllers.CountriesController.GetById(System.Guid,System.Threading.CancellationToken)">
            <summary>
            Retrieves a country by its ID.
            </summary>
            <param name="id">The country ID.</param>
            <param name="cancellationToken">Cancellation token.</param>
            <returns>The country data or 404 if not found.</returns>
        </member>
        <member name="M:Commerce.Api.Controllers.CountriesController.Create(Commerce.Application.Countries.Commands.CountryCreateCommand,System.Threading.CancellationToken)">
            <summary>
            Creates a new country.
            </summary>
            <param name="command">The creation command with country details.</param>
            <param name="cancellationToken">Cancellation token.</param>
            <returns>The created country or BadRequest if failed.</returns>
        </member>
        <member name="M:Commerce.Api.Controllers.CountriesController.Update(Commerce.Application.Countries.Commands.CountryUpdateCommand,System.Threading.CancellationToken)">
            <summary>
            Updates an existing country.
            </summary>
            <param name="command">The update command with updated details.</param>
            <param name="cancellationToken">Cancellation token.</param>
            <returns>The updated country data.</returns>
        </member>
        <member name="M:Commerce.Api.Controllers.CountriesController.Patch(Commerce.Application.Countries.Commands.CountryPatchCommand,System.Threading.CancellationToken)">
            <summary>
            Applies partial updates to a country.
            </summary>
            <param name="command">The patch command.</param>
            <param name="cancellationToken">Cancellation token.</param>
            <returns>The patched country data.</returns>
        </member>
        <member name="M:Commerce.Api.Controllers.CountriesController.DeleteById(System.Guid,System.Threading.CancellationToken)">
            <summary>
            Deletes a country by its ID.
            </summary>
            <param name="id">The country ID to delete.</param>
            <param name="cancellationToken">Cancellation token.</param>
            <returns>200 OK if deleted, 400 if failed.</returns>
        </member>
        <member name="M:Commerce.Api.Controllers.ProductManufacturersController.Get(Commerce.Application.Manufacturers.Queries.ProductManufacturerGetQuery,System.Threading.CancellationToken)">
            <summary>
            Retrieves all product manufacturers.
            </summary>
            <param name="query">Filter and pagination options.</param>
            <param name="cancellationToken">Cancellation token.</param>
            <returns>List of manufacturers or 204 No Content.</returns>
        </member>
        <member name="M:Commerce.Api.Controllers.ProductManufacturersController.GetById(System.Guid,System.Threading.CancellationToken)">
            <summary>
            Retrieves a manufacturer by ID.
            </summary>
            <param name="manufacturerId">ID of the manufacturer.</param>
            <param name="cancellationToken">Cancellation token.</param>
            <returns>The manufacturer if found, otherwise NotFound.</returns>
        </member>
        <member name="M:Commerce.Api.Controllers.ProductManufacturersController.Create(Commerce.Application.Manufacturers.Commands.ProductManufacturerCreateCommand,System.Threading.CancellationToken)">
            <summary>
            Creates a new manufacturer.
            </summary>
            <param name="command">Creation command.</param>
            <param name="cancellationToken">Cancellation token.</param>
            <returns>Created manufacturer or BadRequest.</returns>
        </member>
        <member name="M:Commerce.Api.Controllers.ProductManufacturersController.Update(Commerce.Application.Manufacturers.Commands.ProductManufacturerUpdateCommand,System.Threading.CancellationToken)">
            <summary>
            Updates an existing manufacturer.
            </summary>
            <param name="command">Update command.</param>
            <param name="cancellationToken">Cancellation token.</param>
            <returns>Updated manufacturer.</returns>
        </member>
        <member name="M:Commerce.Api.Controllers.ProductManufacturersController.Patch(Commerce.Application.Manufacturers.Commands.ProductManufacturerPatchCommand,System.Threading.CancellationToken)">
            <summary>
            Partially updates a manufacturer.
            </summary>
            <param name="command">Patch command.</param>
            <param name="cancellationToken">Cancellation token.</param>
            <returns>Patched result.</returns>
        </member>
        <member name="M:Commerce.Api.Controllers.ProductManufacturersController.DeleteById(System.Guid,System.Threading.CancellationToken)">
            <summary>
            Deletes a manufacturer by ID.
            </summary>
            <param name="manufacturerId">ID of the manufacturer.</param>
            <param name="cancellationToken">Cancellation token.</param>
            <returns>200 OK or 400 BadRequest.</returns>
        </member>
        <member name="M:Commerce.Api.Controllers.ProductsController.Get(Commerce.Application.Products.Queries.ProductGetQuery,System.Threading.CancellationToken)">
            <summary>
            Retrieves all products with optional filtering and pagination.
            </summary>
            <param name="productGetQuery">Filtering and pagination options.</param>
            <param name="cancellationToken">Cancellation token.</param>
            <returns>List of products or 204 No Content if none found.</returns>
        </member>
        <member name="M:Commerce.Api.Controllers.ProductsController.GetById(System.Guid,System.Threading.CancellationToken)">
            <summary>
            Retrieves a product by its unique identifier.
            </summary>
            <param name="productId">The ID of the product.</param>
            <param name="cancellationToken">Cancellation token.</param>
            <returns>The product if found, otherwise 404 Not Found.</returns>
        </member>
        <member name="M:Commerce.Api.Controllers.ProductsController.Create(Commerce.Application.Products.Commands.ProductCreateCommand,System.Threading.CancellationToken)">
            <summary>
            Creates a new product.
            </summary>
            <param name="command">Product creation command.</param>
            <param name="cancellationToken">Cancellation token.</param>
            <returns>The created product or 400 Bad Request if creation failed.</returns>
        </member>
        <member name="M:Commerce.Api.Controllers.ProductsController.Update(Commerce.Application.Products.Commands.ProductUpdateCommand,System.Threading.CancellationToken)">
            <summary>
            Updates an existing product.
            </summary>
            <param name="command">Product update command.</param>
            <param name="cancellationToken">Cancellation token.</param>
            <returns>The updated product.</returns>
        </member>
        <member name="M:Commerce.Api.Controllers.ProductsController.Patch(Commerce.Application.Products.Commands.ProductPatchCommand,System.Threading.CancellationToken)">
            <summary>
            Partially updates an existing product.
            </summary>
            <param name="command">Patch command with updated fields.</param>
            <param name="cancellationToken">Cancellation token.</param>
            <returns>The patched product.</returns>
        </member>
        <member name="M:Commerce.Api.Controllers.ProductsController.DeleteById(System.Guid,System.Threading.CancellationToken)">
            <summary>
            Deletes a product by its ID.
            </summary>
            <param name="productId">The ID of the product to delete.</param>
            <param name="cancellationToken">Cancellation token.</param>
            <returns>200 OK if deleted; otherwise 400 Bad Request.</returns>
        </member>
        <member name="M:Commerce.Api.Controllers.ProductsController.DeleteMany(Commerce.Application.Products.Commands.ProductDeleteManyCommand,System.Threading.CancellationToken)">
            <summary>
            Soft-deletes multiple entities by their IDs.
            </summary>
            <param name="command">
            The <see cref="!:DeleteByIdsCommand"/> containing a list of entity IDs to be deleted.
            </param>
            <param name="cancellationToken">
            A cancellation token to cancel the operation if needed.
            </param>
            <remarks>
            This endpoint performs a soft delete by setting <c>IsDeleted = true</c> for each entity.
            </remarks>
            <response code="200">
            The entities were successfully marked as deleted.
            </response>
            <response code="400">
            One or more IDs were invalid or missing.
            </response>
        </member>
        <member name="M:Commerce.Api.Controllers.ProductsController.UploadPreview(Commerce.Application.Common.Services.IFileUploadService,Commerce.Application.Products.Models.ProductImageDto)">
            <summary>
            Uploads a preview image for a product and returns the file URL.
            </summary>
            <param name="uploadService">The file upload service (injected).</param>
            <param name="dto">The dto model where there is file to upload.</param>
            <returns>A URL pointing to the uploaded image.</returns>
            <response code="200">File uploaded successfully</response>
            <response code="400">No file was uploaded or file is empty</response>
            <response code="500">An unexpected error occurred while uploading</response>
        </member>
        <member name="M:Commerce.Api.Controllers.SalesController.Get(Commerce.Application.Sales.Queries.SaleGetQuery,System.Threading.CancellationToken)">
            <summary>
            Retrieves all sales with optional filtering and pagination.
            </summary>
            <param name="query">Sale filter and pagination query.</param>
            <param name="cancellationToken">Cancellation token.</param>
            <returns>List of sales or 204 if none found.</returns>
        </member>
        <member name="M:Commerce.Api.Controllers.SalesController.GetById(System.Guid,System.Threading.CancellationToken)">
            <summary>
            Gets a sale record by ID.
            </summary>
            <param name="saleId">Sale identifier.</param>
            <param name="cancellationToken">Cancellation token.</param>
            <returns>Sale record or 404 if not found.</returns>
        </member>
        <member name="M:Commerce.Api.Controllers.SalesController.Create(Commerce.Application.Sales.Commands.SaleCreateCommand,System.Threading.CancellationToken)">
            <summary>
            Creates a new sale record.
            </summary>
            <param name="command">Sale creation data.</param>
            <param name="cancellationToken">Cancellation token.</param>
            <returns>The created sale record.</returns>
        </member>
        <member name="M:Commerce.Api.Controllers.SalesController.Update(Commerce.Application.Sales.Commands.SaleUpdateCommand,System.Threading.CancellationToken)">
            <summary>
            Updates a sale record.
            </summary>
            <param name="command">Update command with new data.</param>
            <param name="cancellationToken">Cancellation token.</param>
            <returns>The updated sale record.</returns>
        </member>
        <member name="M:Commerce.Api.Controllers.SalesController.Patch(Commerce.Application.Sales.Commands.SalePatchCommand,System.Threading.CancellationToken)">
            <summary>
            Partially updates a sale record.
            </summary>
            <param name="command">Patch data.</param>
            <param name="cancellationToken">Cancellation token.</param>
            <returns>The patched record.</returns>
        </member>
        <member name="M:Commerce.Api.Controllers.SalesController.DeleteById(System.Guid,System.Threading.CancellationToken)">
            <summary>
            Deletes a sale record by ID.
            </summary>
            <param name="saleId">Sale ID to delete.</param>
            <param name="cancellationToken">Cancellation token.</param>
            <returns>200 OK if deleted; 400 BadRequest if failed.</returns>
        </member>
        <member name="M:Commerce.Api.Controllers.SectionsController.Get(Commerce.Application.Sections.Queries.SectionGetQuery,System.Threading.CancellationToken)">
            <summary>
            Retrieves all sections with optional filtering and pagination.
            </summary>
        </member>
        <member name="M:Commerce.Api.Controllers.SectionsController.GetById(System.Guid,System.Threading.CancellationToken)">
            <summary>
            Retrieves a section by ID.
            </summary>
        </member>
        <member name="M:Commerce.Api.Controllers.SectionsController.Create(Commerce.Application.Sections.Commands.SectionCreateCommand,System.Threading.CancellationToken)">
            <summary>
            Creates a new section.
            </summary>
        </member>
        <member name="M:Commerce.Api.Controllers.SectionsController.Update(Commerce.Application.Sections.Commands.SectionUpdateCommand,System.Threading.CancellationToken)">
            <summary>
            Updates an existing section.
            </summary>
        </member>
        <member name="M:Commerce.Api.Controllers.SectionsController.Patch(Commerce.Application.Sections.Commands.SectionPatchCommand,System.Threading.CancellationToken)">
            <summary>
            Partially updates a section.
            </summary>
        </member>
        <member name="M:Commerce.Api.Controllers.SectionsController.DeleteById(System.Guid,System.Threading.CancellationToken)">
            <summary>
            Deletes a section by ID.
            </summary>
        </member>
        <!-- Badly formed XML comment ignored for member "M:Commerce.Api.Controllers.StatisticsController.GetBestSeller(System.Threading.CancellationToken)" -->
        <member name="M:Commerce.Api.Controllers.StatisticsController.GetMostViewed(System.Threading.CancellationToken)">
            <summary>
            Gets the product that has accumulated the highest number of page views.
            </summary>
            <param name="ct">Request cancellation token.</param>
        </member>
        <member name="M:Commerce.Api.Controllers.StatisticsController.GetItemsOnSaleCount(System.Threading.CancellationToken)">
            <summary>
            Counts products that are currently in stock (<c>Availability = true</c>).
            </summary>
            <param name="ct">Request cancellation token.</param>
        </member>
        <member name="M:Commerce.Api.Controllers.StatisticsController.GetSalesThisMonthCount(System.Threading.CancellationToken)">
            <summary>
            Counts sales that occurred during the current calendar month (UTC).
            </summary>
            <param name="ct">Request cancellation token.</param>
        </member>
        <member name="M:Commerce.Api.Controllers.StatisticsController.GetTopSellingProducts(System.Int32,System.Int32,System.Threading.CancellationToken)">
            <summary>
            Paged list of products ordered by total quantity sold (descending).
            </summary>
            <param name="page">1‑based <inheritdoc cref="F:Commerce.Api.Controllers.StatisticsController.PageParam" path="/value"/></param>
            <param name="size"><inheritdoc cref="F:Commerce.Api.Controllers.StatisticsController.SizeParam" path="/value"/></param>
            <param name="ct">Cancellation token.</param>
        </member>
        <member name="M:Commerce.Api.Controllers.StatisticsController.GetTopViewedProducts(System.Int32,System.Int32,System.Threading.CancellationToken)">
            <summary>
            Paged list of products ordered by the <c>Views</c> counter (descending).
            </summary>
            <param name="page"><inheritdoc cref="F:Commerce.Api.Controllers.StatisticsController.PageParam" path="/value"/></param>
            <param name="size"><inheritdoc cref="F:Commerce.Api.Controllers.StatisticsController.SizeParam" path="/value"/></param>
            <param name="ct">Cancellation token.</param>
        </member>
        <!-- Badly formed XML comment ignored for member "M:Commerce.Api.Controllers.StatisticsController.GetTopSections(System.Int32,System.Int32,System.Threading.CancellationToken)" -->
        <member name="M:Commerce.Api.Controllers.StatisticsController.GetTopCategories(System.Int32,System.Int32,System.Threading.CancellationToken)">
            <summary>
            Paged list of categories ranked by total profit.
            </summary>
            <param name="page"><inheritdoc cref="F:Commerce.Api.Controllers.StatisticsController.PageParam" path="/value"/></param>
            <param name="size"><inheritdoc cref="F:Commerce.Api.Controllers.StatisticsController.SizeParam" path="/value"/></param>
            <param name="ct">Cancellation token.</param>
        </member>
    </members>
</doc>
