{
  "Version": 1,
  "ManifestType": "Publish",
  "Endpoints": [
    {
      "Route": "uploads/products/bd501c4a-27dd-47f7-b6f4-92460e1365ab.g6emmhj1xq.png",
      "AssetFile": "uploads/products/bd501c4a-27dd-47f7-b6f4-92460e1365ab.png",
      "Selectors": [],
      "ResponseHeaders": [
        {
          "Name": "Accept-Ranges",
          "Value": "bytes"
        },
        {
          "Name": "Cache-Control",
          "Value": "max-age=31536000, immutable"
        },
        {
          "Name": "Content-Length",
          "Value": "1294198"
        },
        {
          "Name": "Content-Type",
          "Value": "image/png"
        },
        {
          "Name": "ETag",
          "Value": "\"SBsOhqaB6aUhUD2kGOB90qX3yeOUqRysLxXBLzAbCb8=\""
        },
        {
          "Name": "Last-Modified",
          "Value": "Sat, 12 Jul 2025 13:10:37 GMT"
        }
      ],
      "EndpointProperties": [
        {
          "Name": "fingerprint",
          "Value": "g6emmhj1xq"
        },
        {
          "Name": "integrity",
          "Value": "sha256-SBsOhqaB6aUhUD2kGOB90qX3yeOUqRysLxXBLzAbCb8="
        },
        {
          "Name": "label",
          "Value": "uploads/products/bd501c4a-27dd-47f7-b6f4-92460e1365ab.png"
        }
      ]
    },
    {
      "Route": "uploads/products/bd501c4a-27dd-47f7-b6f4-92460e1365ab.png",
      "AssetFile": "uploads/products/bd501c4a-27dd-47f7-b6f4-92460e1365ab.png",
      "Selectors": [],
      "ResponseHeaders": [
        {
          "Name": "Accept-Ranges",
          "Value": "bytes"
        },
        {
          "Name": "Cache-Control",
          "Value": "max-age=3600, must-revalidate"
        },
        {
          "Name": "Content-Length",
          "Value": "1294198"
        },
        {
          "Name": "Content-Type",
          "Value": "image/png"
        },
        {
          "Name": "ETag",
          "Value": "\"SBsOhqaB6aUhUD2kGOB90qX3yeOUqRysLxXBLzAbCb8=\""
        },
        {
          "Name": "Last-Modified",
          "Value": "Sat, 12 Jul 2025 13:10:37 GMT"
        }
      ],
      "EndpointProperties": [
        {
          "Name": "integrity",
          "Value": "sha256-SBsOhqaB6aUhUD2kGOB90qX3yeOUqRysLxXBLzAbCb8="
        }
      ]
    }
  ]
}